iPhone 15 Pro Max 256GB,$1560,Open / Activated -$80,–,–
iPhone 15 Pro Max 512GB,$1800 Black,Open / Activated Not Taking,Natural & White & Blue -$20,–
iPhone 15 Pro Max 1TB,$1940,Open / Activated -$100,Black & Blue -$20,–
iPhone 15 Pro 128GB,$1310,Open / Activated -$80,Natural -$20,–
iPhone 15 Pro 256GB,$1450,Open / Activated -$80,–,–
iPhone 15 Pro 512GB,$1700,Open / Activated -$100,Natural -$20,–
iPhone 15 Pro 1TB,$1830,Open / Activated -$100,Natural & Black -$20,–
iPhone 15 Plus 128GB,$1130,Open / Activated -$60,–,–
iPhone 15 Plus 256GB,$1300,Open / Activated -$60,Black & Green & Yellow -$20,–
iPhone 15 Plus 512GB,$1450,Open / Activated -$80,–,–
iPhone 15 128GB,$980,Open / Activated -$60,Yellow -$20,–
iPhone 15 256GB,$1130,Open / Activated -$60,Blue -$40,–
iPhone 15 512GB,$1300,Open / Activated -$80,–,–
iPhone 14 Pro Max 128GB,$1300,Open / Activated -$70,–,–
iPhone 14 Pro Max 256GB,$1440,Open / Activated -$70,–,–
iPhone 14 Pro Max 512GB,$1560,Open / Activated -$100,–,–
iPhone 14 Pro Max 1TB,$1660,Non activated and sealed set only,–,–
iPhone 14 Pro 128GB,$1220,Open / Activated -$70,–,–
iPhone 14 Pro 256GB,$1320,Open / Activated -$70,–,–
iPhone 14 Pro 512GB,$1500,Non activated and sealed set only,–,–
iPhone 14 Pro 1TB,$1580,Non activated and sealed set only,–,–
iPhone 14 Plus 128GB,$980,Open / Activated -$80,Not Taking Red,–
iPhone 14 Plus 256GB,$1130,Open / Activated -$80,Not Taking Red,–
iPhone 14 Plus 512GB,–,–,–,–
iPhone 14 128GB,$850,Open /Activated -$60,Not Taking Red,–
iPhone 14 256GB,$950,Open /Activated -$60,Not Taking Red,–
iPhone 14 512GB,–,–,–,–
iPhone 13 Pro Max 128GB,$1080,Open / Activated -$70,–,–
iPhone 13 Pro Max 256GB,$1160,Open / Activated -$70,–,–
iPhone 13 Pro Max 512GB,$1300,Open / Activated -$70,–,–
iPhone 13 Pro Max 1TB,$1380,Open / Activated Not Taking,–,–
iPhone 13 Pro 128GB,$1000,Open / Activated -$60,–,–
iPhone 13 Pro 256GB,$1080,Open / Activated -$60,–,–
iPhone 13 Pro 512GB,$1240,Open / Activated -$60,–,–
iPhone 13 Pro 1TB,$1320,Open / Activated -$70,–,–
iPhone 13 128GB,$750,Open / Activated -$60,–,–
iPhone 13 256GB,$830,Open / Activated -$60,–,–
iPhone 13 512GB,$960,Open / Activated -$60,Not Taking Red,–
iPhone SE 2022 64GB,$440,Open / Activated -$40,–,–
iPhone SE 2022 128GB,$520,Open / Activated -$40,Red -$10,–
iPhone SE 2022 256GB,$570,Open / Activated -$40,Red -$10,–
Apple AirPods Pro MagSafe Charging Case,–,-$10,Non activated  Only,Must Come with Official Seller Receipt
Apple AirPods Pro 2 Lightning,$260,-$10,Non activated  Only,Must Come with Official Seller Receipt
Apple AirPods Pro 2 Type C,$270,-$10,Non activated  Only,Must Come with Official Seller Receipt
Apple AirPods 2 Charging,$120,-$10,Non activated  Only,Must Come with Official Seller Receipt
Apple AirPods 2 Wireless,$130,-$10,Non activated Only,Must Come with Official Seller Receipt
Apple AirPods 3,$180,-$10,Non activated  Only,Must Come with Official Seller Receipt
iPad Pro 11 4 Gen  M2 Chip Wifi 128GB,$940,Non activated and sealed set only,,Must come with Official Seller Receipt
iPad Pro 11 4 Gen  M2 Chip Wifi 256GB,$1080,Non activated and sealed set only,,Must come with Official Seller Receipt
iPad Pro 11 4 Gen  M2 Chip Wifi 512GB,$1250,Non activated and sealed set only,,Must come with Official Seller Receipt
iPad Pro 11 4 Gen  M2 Chip Cellular 128GB,$1120,Non activated and sealed set only,,Must come with Official Seller Receipt
iPad Pro 11 4 Gen  M2 Chip Cellular 256GB,$1260,Non activated and sealed set only,,Must come with Official Seller Receipt
iPad Pro 11 4 Gen  M2 Chip Cellular 512GB,$1420,Non activated and sealed set only,,Must come with Official Seller Receipt
iPad Pro 12.9 6 Gen M2 Chip Wifi 128GB,$1140,Non activated and sealed set only,,Must come with Official Seller Receipt
iPad Pro 12.9 6 Gen M2 Chip Wifi 256GB,$1280,Non activated and sealed set only,Gray -$50,Must come with Official Seller Receipt
iPad Pro 12.9 6 Gen M2 Chip Wifi 512GB,$1500,Non activated and sealed set only,,Must come with Official Seller Receipt
iPad Pro 12.9 6 Gen M2 Chip Cellular 128GB,$1290,Non activated and sealed set only,,Must come with Official Seller Receipt
iPad Pro 12.9 6 Gen M2 Chip Cellular 256GB,$1500,Non activated and sealed set only,,Must come with Official Seller Receipt
iPad Pro 12.9 6 Gen M2 Chip Cellular 512GB,$1680,Non activated and sealed set only,,Must come with Official Seller Receipt
iPad Air 5 Wifi 64GB,$640,Non activated and sealed set only,,Must come with Official Seller Receipt
iPad Air 5 Wifi 256GB,$840,Non activated and sealed set only,,Must come with Official Seller Receipt
iPad Air 5 Cellular 64GB,$790,Non activated and sealed set only,,Must come with Official Seller Receipt
iPad Air 5 Cellular 256GB,$920,Non activated and sealed set only,,Must come with Official Seller Receipt
iPad Mini 6 Wifi 64GB,$570,Non activated and sealed set only,,Must come with Official Seller Receipt
iPad Mini 6 Wifi 256GB,$710,Non activated and sealed set only,,Must come with Official Seller Receipt
iPad Mini 6 Cellular 64GB,$680,Non activated and sealed set only,,Must come with Official Seller Receipt
iPad Mini 6 Cellular 256GB,$920,Non activated and sealed set only,,Must come with Official Seller Receipt
iPad 10 Gen Wifi 64GB,$500,Non activated and sealed set only,,Must come with Official Seller Receipt
iPad 10 Gen Wifi 256GB,$700,Non activated and sealed set only,,Must come with Official Seller Receipt
iPad 10 Gen Cellular 64GB,$660,Non activated and sealed set only,,Must come with Official Seller Receipt
iPad 10 Gen Cellular 256GB,$860,Non activated and sealed set only,,Must come with Official Seller Receipt
iPad 9 Gen Wifi 64GB,$330,Non activated and sealed set only,,Must come with Official Seller Receipt
iPad 9 Gen Wifi 256GB,$500,Non activated and sealed set only,,Must come with Official Seller Receipt
iPad 9 Gen Cellular 64GB,$480,Non activated and sealed set only,,Must come with Official Seller Receipt
iPad 9 Gen Cellular 256GB,$580,Non activated and sealed set only,,Must come with Official Seller Receipt
Apple Watch Series 9 41MM (GPS),$420,Non activated and sealed set only,Red -$30,Must come with Official Seller Receipt
Apple Watch Series 9 41MM (CELL),$500,Non activated and sealed set only,Red -$30,Must come with Official Seller Receipt
Apple Watch Series 9 45MM (GPS),$480,Non activated and sealed set only,Red -$30,Must come with Official Seller Receipt
Apple Watch Series 9 45MM (CELL),$520,Non activated and sealed set only,Red -$30,Must come with Official Seller Receipt
Apple Watch Series 8 41MM (GPS),$340,Non activated and sealed set only,,Must come with Official Seller Receipt
Apple Watch Series 8 41MM (CELL),$420,Non activated and sealed set only,,Must come with Official Seller Receipt
Apple Watch Series 8 45MM (GPS),$390,Non activated and sealed set only,,Must come with Official Seller Receipt
Apple Watch Series 8 45MM (CELL),$430,Non activated and sealed set only,,Must come with Official Seller Receipt
Apple Watch Series 7 41MM (GPS),–,Non activated and sealed set only,,Must come with Official Seller Receipt
Apple Watch Series 7 41MM (CELL),–,Non activated and sealed set only,,Must come with Official Seller Receipt
Apple Watch Series 7 45MM (GPS),–,Non activated and sealed set only,,Must come with Official Seller Receipt
Apple Watch Series 7 45MM (CELL),–,Non activated and sealed set only,,Must come with Official Seller Receipt
Apple Watch Series Ultra 2 49MM (CELL),$990,Non activated and sealed set only,,Must come with Official Seller Receipt
Apple Watch Series Ultra 49MM (CELL),$780,Non activated and sealed set only,,Must come with Official Seller Receipt
Samsung Galaxy Z Fold 5 256GB,$1480,-$10,,No Official Seller Receipt – $10
Samsung Galaxy Z Fold 5 512GB,$1630,-$10,Cream & Black -$20,No Official Seller Receipt – $10
Samsung Galaxy Z Fold 5 1TB,$1710,-$10,,No Official Seller Receipt – $10
Samsung Galaxy Z Fold 4 256GB,$1110,-$10,,No Official Seller Receipt – $10
Samsung Galaxy Z Fold 4 512GB,$1220,-$10,,No Official Seller Receipt – $10
Samsung Galaxy Z Fold 4 1TB,–,-$10,,No Official Seller Receipt – $10
Samsung Galaxy Z Fold 3 256GB,–,-$-,,
Samsung Galaxy Z Fold 3 512GB,–,-$-,,
Samsung Galaxy Z Flip 5 256GB,$880,-$10,,No Official Seller Receipt – $10
Samsung Galaxy Z Flip 5 512GB,$1010,-$10,,No Official Seller Receipt – $10
Samsung Galaxy Z Flip 4 128GB,$530,-$10,,No Official Seller Receipt – $10
Samsung Galaxy Z Flip 4 256GB,$550,-$10,,No Official Seller Receipt – $10
Samsung Galaxy Z Flip 4 512GB,$570,-$10,,No Official Seller Receipt – $10
Samsung Galaxy Z Flip 3 128GB,–,-$10,,Must come with Official Seller Receipt | No Official Seller Receipt – $10
Samsung Galaxy Z Flip 3 256GB,–,-$10,,Must come with Official Seller Receipt | No Official Seller Receipt – $10
Samsung A14 5G 6/128GB,$190,-$10,,
Samsung A15 4G 4/128GB,$130,-$10,,
Samsung A15 5G 8/128GB,$210,-$10,,
Samsung A23 128GB,–,-$10,,
Samsung A25 5G 8/128GB,$260,-$10,,
Samsung A34 8/128GB,$250,-$10,,
Samsung A34 8/256GB,$290,-$10,,
Samsung A53 128GB,–,-$10,,
Samsung A53 256GB,–,-$10,,
Samsung A54 128GB,$330,-$10,,
Samsung A54 256GB,$370,-$10,,
Samsung A73 128GB,–,-$10,,
Samsung A73 256GB,–,-$10,,
Samsung S24 256GB,$940,-$10,,
Samsung S24 512GB,$1040,-$10,,
Samsung S24 Plus 256GB,$1140,-$10,,
Samsung S24 Plus 512GB,$1240,-$10,,
Samsung S24 Ultra 256GB,$1340,-$10,,
Samsung S24 Ultra 512GB,$1530,-$10,Yellow -$50,
Samsung S24 Ultra 1TB,$1730,-$10,,
Samsung S23 FE 256GB,$570,-$10,,
Samsung S23 128GB,$780,-$10,,
Samsung S23 256GB,$850,-$10,,
Samsung S23 Plus 256GB,$920,-$10,,
Samsung S23 Plus 512GB,$1070,-$10,,
Samsung S23 Ultra 256GB,$960,-$10,,
Samsung S23 Ultra 512GB,$1120,-$10,,
Samsung S23 Ultra 1TB,$1350,-$10,,
Samsung S22 128GB,–,-$10,,
Samsung S22 256GB,–,-$10,,
Samsung S22 Plus 128GB,–,-$10,,
Samsung S22 Plus 256GB,–,-$10,,
Samsung S22 Ultra 128GB,–,-$10,,
Samsung S22 Ultra 256GB,–,-$10,,
Samsung S22 Ultra 512GB,–,-$10,,
Samsung Tab S6 Lite 2022 Edition Wifi,$220,-$10,,
Samsung Tab S9 WIFI 8/128GB,$750,-$10,,
Samsung Tab S9 5G 8/128GB,$830,-$10,,
Samsung Tab S9+ WIFI 12/256GB,$1010,-$10,,
Samsung Tab S9+ 5G 12/256GB,$1180,-$10,,
Samsung Tab S9 ULTRA WIFI 12/256GB,$1220,-$10,,
Samsung Tab S9 ULTRA 5G 12/256GB,$1360,-$10,,
Samsung Tab A9 WIFI 64GB,$150,-$10,,
Samsung Tab A9 5G 64GB,$200,-$10,,
Samsung Tab A9 PLUS WIFI 64GB,$270,-$10,,
Samsung Tab A9 PLUS 5G 64GB,$340,-$10,,
Samsung Galaxy Buds 2,$50,-$10,,
Samsung Galaxy Buds 2 Pro,$110,-$10,White -$10,
Samsung Galaxy Buds Pro,$80,-$10,,
Samsung Galaxy Buds Live,$40,-$10,,
Samsung Galaxy Buds Plus,$40,-$10,,
Samsung Galaxy Buds FE,$60,-$10,,
Oppo Reno 7,–,-$10,,
Oppo Reno 7z,$260,-$10,,
Oppo Reno 7 Pro,–,-$10,,
Oppo Reno 8 8/256,–,-$10,,
Oppo Reno 8 12/256,–,-$10,,
Oppo Reno 8 Pro,–,-$10,,
Oppo Reno 8T 8/128,$320,-$10,,
Oppo Reno 8T 8/256,$380,-$10,,
Oppo Reno 10 5G 8/256,$420,-$10,,
Oppo Reno 10 Pro 5G 12/256,$500,-$10,,
Oppo Reno 10 Pro Plus 5G 12/256,$640,-$10,Gray -$20,
Oppo Reno 11 5G 12/256,$500,-$10,Gray -$20,
Oppo Reno 11 Pro 5G 12/512,$670,-$10,White -$10,
Oppo Reno 5z,$250,-$10,,
Oppo Find X3 Pro,–,-$10,,
Oppo Find X5 Pro,$840,-$10,,
Oppo Find N2 Flip,$810,-$10,,
Oppo Find N3 Flip 12/256,$1040,-$10,,
Oppo Find N3,$1680,-$10,,
Google Pixel 8 128GB,$740,-$10,–,No Official Seller Receipt – $100 | Overseas set -$100
Google Pixel 8 256GB,$840,-$10,–,No Official Seller Receipt – $100 | Overseas set -$100
Google Pixel 8 Pro 128GB,$1060,-$10,–,No Official Seller Receipt – $100 | Overseas set -$100
Google Pixel 8 Pro 256GB,$1160,-$10,–,No Official Seller Receipt – $100 | Overseas set -$100
Google Pixel 8 Pro 512GB,$1320,-$10,Obsidian -$40,No Official Seller Receipt – $100 | Overseas set -$100
